{
  "speed_min": 39.79624883167503,
  "speed_max": 66.14009661835749,
  "speed_scale": 0.037959526949040735
}